word,count,upos,ner
political,8171,ADJ,WORK_OF_ART;ORG;LAW;EVENT
history,7448,NOUN;PROPN,WORK_OF_ART;ORG;EVENT
israel,7441,PROPN;X,GPE;NORP;ORG;WORK_OF_ART;PERSON;FAC;LOC;DATE;EVENT;LAW
science,7008,NOUN;PROPN,WORK_OF_ART;ORG;LAW
israeli,6827,ADJ;PROPN;X;NOUN,LAW;NORP;ORG;EVENT;WORK_OF_ART;PERSON;GPE;FAC
law,5430,PROPN;NOUN,LAW;PERSON;ORG;WORK_OF_ART;EVENT;GPE
palestinian,4815,ADJ;PROPN,NORP;GPE;WORK_OF_ART;ORG;EVENT;LAW;PERSON
state,4401,PROPN;NOUN;VERB,ORG;GPE;WORK_OF_ART;FAC;LAW;EVENT;NORP
study,4226,NOUN;VERB;PROPN,EVENT;WORK_OF_ART;ORG;LAW
arab,3974,ADJ;PROPN,NORP;EVENT;ORG;WORK_OF_ART;LOC;GPE;LAW;PERSON
politics,3454,PROPN;NOUN,WORK_OF_ART;ORG;LAW;EVENT;PERSON
palestine,3333,PROPN;ADJ;X,GPE;PERSON;ORG;WORK_OF_ART;NORP;EVENT;DATE;LAW;FAC
sociology,2906,PROPN;NOUN,WORK_OF_ART;ORG;LAW
conflict,2640,NOUN;PROPN;VERB,ORG;WORK_OF_ART;LAW;EVENT;LOC
new,2400,ADJ;PROPN;NOUN,WORK_OF_ART;ORG;GPE;EVENT;FAC;DATE;NORP;PERSON;LOC;LAW
jewish,2251,ADJ;PROPN;NOUN,NORP;WORK_OF_ART;ORG;EVENT;GPE;LAW
war,2186,NOUN;PROPN,EVENT;WORK_OF_ART;ORG;LAW
university,2163,PROPN;NOUN,ORG;WORK_OF_ART
social,2155,ADJ;PROPN;NOUN,ORG;EVENT;WORK_OF_ART;LAW;PERSON
ancient,2140,ADJ,WORK_OF_ART;GPE;LOC;PERSON
right,2116,NOUN;ADJ;PROPN;ADV,WORK_OF_ART;ORG;EVENT;LAW
middle,2102,ADJ;NOUN;PROPN,LOC;DATE;NORP;ORG;WORK_OF_ART;EVENT;GPE
press,2079,NOUN;VERB;PROPN;ADJ,ORG;WORK_OF_ART;EVENT
east,2042,PROPN;ADJ;NOUN;ADV,LOC;GPE;WORK_OF_ART;ORG;NORP;EVENT;FAC
international,1943,ADJ;PROPN;NOUN,WORK_OF_ART;ORG;EVENT;LAW;FAC
article,1888,NOUN;PROPN;X,LAW;WORK_OF_ART;ORG
policy,1724,PROPN;NOUN,LAW;ORG;WORK_OF_ART;EVENT;FAC;PERSON
group,1658,NOUN;PROPN;VERB,ORG;WORK_OF_ART;LAW;EVENT;PRODUCT
other,1630,ADJ;NOUN;PROPN,WORK_OF_ART;ORG;NORP;LAW;DATE;GPE
computer,1574,NOUN;PROPN,WORK_OF_ART
see,1565,VERB;PROPN;NOUN;X,WORK_OF_ART;PERSON;ORG
psychology,1557,NOUN;PROPN,WORK_OF_ART;ORG
human,1507,ADJ;NOUN,WORK_OF_ART;ORG;EVENT;LAW
more,1475,ADJ;ADV;NOUN,DATE;WORK_OF_ART;CARDINAL;MONEY;PERCENT;TIME;QUANTITY
book,1459,NOUN;PROPN;VERB;X,WORK_OF_ART;ORG;EVENT
identity,1401,NOUN;PROPN,WORK_OF_ART;ORG
also,1391,ADV,WORK_OF_ART
two,1349,NUM,CARDINAL;DATE;EVENT;ORG;WORK_OF_ART;LAW;TIME;QUANTITY
one,1342,NUM;NOUN;PROPN,CARDINAL;WORK_OF_ART;EVENT;TIME;PERCENT;ORG;DATE;PERSON;QUANTITY
peace,1323,NOUN;PROPN;VERB,WORK_OF_ART;ORG;EVENT;FAC;LAW
philosophy,1319,NOUN;PROPN,WORK_OF_ART;ORG
jew,1313,PROPN;NOUN,NORP;WORK_OF_ART;ORG;PERSON
world,1311,NOUN;PROPN,WORK_OF_ART;ORG;EVENT;LOC;FAC
economic,1239,ADJ,ORG;WORK_OF_ART;EVENT;LAW;LOC;PERSON
have,1229,VERB;X;NOUN;PROPN,WORK_OF_ART;FAC
how,1206,ADV,WORK_OF_ART;EVENT
economy,1185,NOUN;PROPN,ORG;LAW;WORK_OF_ART
national,1164,ADJ;PROPN;NOUN,ORG;WORK_OF_ART;EVENT;LAW;FAC
holocaust,1152,PROPN;ADJ;NOUN;X,EVENT;WORK_OF_ART;NORP;ORG;FAC;PERSON;DATE
use,1132,VERB;NOUN;PROPN,WORK_OF_ART;LAW
archaeology,1109,NOUN;PROPN,WORK_OF_ART;ORG;LOC
first,1097,ADJ;ADV;PROPN,ORDINAL;DATE;EVENT;WORK_OF_ART;ORG;GPE;NORP;LAW
power,1091,NOUN;PROPN;VERB,WORK_OF_ART;ORG;PERSON;LAW
society,1080,NOUN;PROPN,WORK_OF_ART;ORG;EVENT;LAW
relation,1079,NOUN;PROPN;X,ORG;EVENT;WORK_OF_ART;LAW
process,1074,NOUN;VERB;PROPN,WORK_OF_ART;EVENT;ORG;LAW
public,1070,ADJ;NOUN;PROPN,WORK_OF_ART;ORG;LAW;EVENT
economics,1068,NOUN;PROPN,LAW;WORK_OF_ART;ORG
issue,1058,NOUN;VERB;PROPN,WORK_OF_ART;EVENT;ORG;DATE
review,1048,NOUN;PROPN;VERB,WORK_OF_ART;ORG;LAW
religious,1039,ADJ;NOUN;PROPN,WORK_OF_ART;NORP;ORG;EVENT
year,1024,NOUN;PROPN,DATE;WORK_OF_ART;EVENT;ORG;PERSON
work,1012,PROPN;NOUN;VERB,WORK_OF_ART;ORG;LAW
government,1007,NOUN;PROPN,ORG;WORK_OF_ART;LAW
make,1002,VERB;PROPN;NOUN,WORK_OF_ART;ORG;LAW;EVENT;PERSON
genocide,998,PROPN;NOUN;ADJ;VERB,EVENT;WORK_OF_ART;ORG;LAW;NORP;PERSON
military,997,NOUN;ADJ;PROPN,WORK_OF_ART;ORG;EVENT;LAW;LOC
american,995,ADJ;PROPN,NORP;WORK_OF_ART;ORG;LAW;EVENT;GPE
most,990,ADV;ADJ,WORK_OF_ART;ORG
york,979,PROPN,WORK_OF_ART;GPE;ORG;FAC;EVENT
security,977,PROPN;NOUN,LAW;WORK_OF_ART;ORG;EVENT;PERSON
west,971,PROPN;NOUN;ADV;ADJ,GPE;NORP;LOC;WORK_OF_ART;ORG;PERSON
ethnic,961,ADJ;NOUN;PROPN,ORG;WORK_OF_ART;NORP;EVENT;GPE
analysis,959,NOUN;PROPN,ORG;EVENT;WORK_OF_ART;LAW
case,951,NOUN;PROPN,WORK_OF_ART;ORG;PERSON;LAW;EVENT
media,950,NOUN;PROPN,ORG;WORK_OF_ART
include,929,VERB,
well,909,ADV;INTJ;NOUN;ADJ;PROPN,WORK_OF_ART
such,900,ADJ,WORK_OF_ART
art,893,NOUN;PROPN,ORG;PERSON;WORK_OF_ART;FAC
when,883,ADV,WORK_OF_ART;LAW
author,881,NOUN;VERB;PROPN,WORK_OF_ART
context,879,NOUN;PROPN;VERB,WORK_OF_ART;ORG;LAW
jerusalem,879,PROPN;X,GPE;ORG;WORK_OF_ART;LOC;NORP;PERSON;FAC;EVENT
research,877,NOUN;PROPN;VERB,WORK_OF_ART;ORG;LAW
only,866,ADV;ADJ,DATE;CARDINAL;PERCENT;TIME;WORK_OF_ART;QUANTITY
geography,850,PROPN;NOUN,WORK_OF_ART;ORG;LOC
examine,843,VERB;X,
gender,831,NOUN;PROPN;VERB,WORK_OF_ART;NORP;ORG;PERSON
settlement,829,NOUN;PROPN,LAW;WORK_OF_ART;ORG;EVENT
development,827,NOUN;PROPN,WORK_OF_ART;LAW;ORG;EVENT
time,819,NOUN;PROPN;VERB,EVENT;WORK_OF_ART;ORG;LAW
paper,818,NOUN;PROPN,WORK_OF_ART;EVENT
bank,810,PROPN;NOUN;VERB,GPE;LOC;ORG;WORK_OF_ART;NORP
person,805,NOUN;PROPN,WORK_OF_ART;LAW
report,804,NOUN;PROPN;VERB,WORK_OF_ART;ORG;EVENT;LAW
country,793,NOUN;PROPN,WORK_OF_ART;EVENT;ORG
london,787,PROPN,WORK_OF_ART;GPE;ORG;EVENT;PERSON
foreign,786,ADJ;NOUN,ORG;WORK_OF_ART;LAW;EVENT
community,786,NOUN;PROPN,WORK_OF_ART;ORG;LOC;EVENT
gaza,775,PROPN;X,GPE;WORK_OF_ART;PERSON;NORP;EVENT;LAW;ORG;FAC;LOC
present,757,VERB;NOUN;ADJ;PROPN,WORK_OF_ART;EVENT;DATE
change,741,VERB;NOUN;PROPN,LAW;WORK_OF_ART;ORG;EVENT;PERSON
question,735,NOUN;VERB;PROPN;X,WORK_OF_ART;ORG;EVENT;PERSON
movement,734,NOUN;PROPN,LAW;WORK_OF_ART;ORG;EVENT
take,729,VERB;NOUN,WORK_OF_ART
cultural,729,ADJ;NOUN,EVENT;WORK_OF_ART;ORG;FAC;LAW
journal,726,NOUN;PROPN,WORK_OF_ART;LAW;ORG;EVENT;DATE;FAC
part,725,NOUN;PROPN;X,WORK_OF_ART;EVENT;ORG;LAW
unite,723,VERB,ORG;GPE;EVENT;WORK_OF_ART;LAW;FAC
life,719,NOUN;PROPN;VERB,WORK_OF_ART;ORG
role,714,NOUN;PROPN,WORK_OF_ART;LAW;PERSON;ORG
theory,712,NOUN;PROPN,WORK_OF_ART;LAW;ORG;EVENT
judaism,711,PROPN;NOUN,WORK_OF_ART;NORP;ORG
support,709,NOUN;VERB;PROPN,ORG;WORK_OF_ART;LAW
argue,708,VERB,
literature,705,NOUN;PROPN,WORK_OF_ART;ORG
focus,699,VERB;NOUN;PROPN,WORK_OF_ART
many,695,ADJ,WORK_OF_ART;PERCENT;DATE;CARDINAL
nation,692,NOUN;PROPN,LAW;ORG;EVENT;WORK_OF_ART;FAC;NORP
base,687,VERB;NOUN;PROPN,WORK_OF_ART;PRODUCT;ORG
refugee,685,NOUN;PROPN;ADJ,WORK_OF_ART;ORG;FAC;EVENT
force,678,NOUN;PROPN;VERB;X,ORG;WORK_OF_ART;LAW;EVENT
citation,676,NOUN;X;PROPN,WORK_OF_ART;ORG;PERSON;EVENT
party,673,PROPN;NOUN,ORG;PERSON;WORK_OF_ART;LAW
lebanon,670,PROPN,GPE;EVENT;NORP;ORG;LOC;LAW;WORK_OF_ART;PERSON
view,658,NOUN;VERB;PROPN,WORK_OF_ART;ORG;PERSON
woman,658,NOUN;PROPN,WORK_OF_ART;ORG;EVENT;LAW;PERSON
note,653,PROPN;VERB;NOUN,WORK_OF_ART;LAW;PERSON
territory,649,PROPN;NOUN,LOC;GPE;WORK_OF_ART;ORG;EVENT
zionism,636,PROPN;NOUN,NORP;WORK_OF_ART;ORG;FAC
land,636,PROPN;NOUN;VERB,WORK_OF_ART;GPE;LAW;EVENT;LOC;PERSON;ORG
way,634,NOUN;PROPN,WORK_OF_ART;PERSON
result,618,NOUN;VERB,WORK_OF_ART
early,613,ADJ;ADV;PROPN,DATE;WORK_OF_ART;EVENT;TIME;ORG;PERSON
follow,608,VERB;NOUN;PROPN,DATE;WORK_OF_ART;TIME;ORG
show,606,VERB;NOUN,
page,604,PROPN;NOUN,ORG;WORK_OF_ART;DATE;LAW;EVENT;PRODUCT
section,603,NOUN;PROPN,LAW;ORG;WORK_OF_ART
provide,599,VERB,
however,593,ADV;PROPN,PERSON
relationship,587,NOUN;PROPN,WORK_OF_ART
historical,582,ADJ;PROPN,WORK_OF_ART;ORG;FAC;EVENT
become,579,VERB,WORK_OF_ART
event,578,NOUN;PROPN,EVENT;WORK_OF_ART;ORG
culture,578,PROPN;NOUN;X,WORK_OF_ART;ORG;EVENT
three,574,NUM;PROPN,CARDINAL;DATE;WORK_OF_ART;PERCENT;TIME;ORG
legal,574,ADJ,WORK_OF_ART;LAW;ORG;EVENT
general,571,ADJ;PROPN;NOUN;X,ORG;WORK_OF_ART;EVENT;LAW
zionist,568,ADJ;PROPN;NOUN,NORP;WORK_OF_ART;ORG;EVENT
control,566,NOUN;PROPN;VERB,ORG;LAW;EVENT;WORK_OF_ART
memory,565,NOUN;PROPN,WORK_OF_ART;EVENT;ORG
term,559,NOUN;VERB;PROPN,WORK_OF_ART;DATE;ORG
1948,557,NUM,DATE;WORK_OF_ART;EVENT
different,556,ADJ;X,
occupation,553,NOUN;PROPN;X,WORK_OF_ART;EVENT;ORG;LAW;GPE
population,551,NOUN;PROPN,WORK_OF_ART;ORG;EVENT
document,551,NOUN;VERB;PROPN,WORK_OF_ART;ORG;LAW
experience,547,PROPN;NOUN;VERB;X,WORK_OF_ART;ORG
u.s.,545,PROPN,GPE;ORG;WORK_OF_ART;LAW;NORP;EVENT;FAC
self,545,NOUN;PROPN,WORK_OF_ART;LAW;ORG
high,543,ADJ;NOUN;ADV,ORG;WORK_OF_ART;PERSON;LAW;LOC;FAC;EVENT
system,540,NOUN;PROPN,WORK_OF_ART;ORG;LAW;EVENT
lead,539,VERB;PROPN;NOUN;ADJ,EVENT;PRODUCT;WORK_OF_ART
negotiation,538,NOUN;PROPN,EVENT;WORK_OF_ART;LAW;ORG
violence,538,NOUN;PROPN,WORK_OF_ART;LAW;EVENT
narrative,533,NOUN;ADJ;PROPN,WORK_OF_ART;EVENT
find,532,VERB;NOUN,WORK_OF_ART;LAW;ORG
even,530,ADV;ADJ,
perspective,522,NOUN;PROPN,WORK_OF_ART;LAW;ORG
court,519,PROPN;NOUN;VERB,ORG;WORK_OF_ART;PERSON;LAW;PRODUCT
place,518,NOUN;VERB;PROPN;X,WORK_OF_ART;LOC;GPE;EVENT;ORG
form,505,VERB;NOUN;PROPN,WORK_OF_ART;LAW;ORG
second,503,ADJ;ADV;NOUN,ORDINAL;EVENT;DATE;WORK_OF_ART;ORG
iran,501,PROPN;NOUN,GPE;NORP;LAW;EVENT;WORK_OF_ART;ORG;PERSON
organization,498,PROPN;NOUN,ORG;WORK_OF_ART;EVENT;LAW
late,496,ADV;ADJ;PROPN,DATE;WORK_OF_ART;TIME;ORG;FAC
claim,493,VERB;NOUN;PROPN,LAW;WORK_OF_ART
century,488,NOUN;PROPN,DATE;WORK_OF_ART;ORG;EVENT
approach,482,NOUN;VERB;PROPN,ORG;WORK_OF_ART;EVENT
theology,482,PROPN;NOUN,WORK_OF_ART;ORG
democracy,480,NOUN;PROPN,WORK_OF_ART;ORG;EVENT;NORP
effect,480,NOUN;PROPN;VERB,WORK_OF_ART;LAW
1967,478,NUM,DATE;EVENT;LAW;WORK_OF_ART;PERSON;TIME
member,476,NOUN;PROPN,ORG;WORK_OF_ART
order,474,NOUN;PROPN;VERB,WORK_OF_ART;LAW;ORG;EVENT
practice,471,PROPN;NOUN;VERB,WORK_OF_ART;LAW;ORG;EVENT
source,470,NOUN;PROPN;X,ORG;WORK_OF_ART;LAW
important,469,ADJ,
give,465,VERB;NOUN,WORK_OF_ART;DATE
end,464,VERB;NOUN;PROPN,WORK_OF_ART;DATE;LAW;EVENT;ORG;PRODUCT;PERSON
nationalism,464,NOUN;PROPN,WORK_OF_ART;ORG;EVENT;NORP
administration,463,PROPN;NOUN,ORG;LAW;WORK_OF_ART
anthropology,460,PROPN;NOUN,WORK_OF_ART;ORG;EVENT
rather,459,ADV,WORK_OF_ART
minister,458,PROPN;NOUN,WORK_OF_ART;ORG;PERSON
available,457,ADJ,
long,457,ADJ;ADV;VERB;PROPN,PERSON;WORK_OF_ART;EVENT;TIME
write,454,VERB;PROPN;NOUN,WORK_OF_ART;ORG
immigrant,454,PROPN;NOUN;ADJ,NORP;WORK_OF_ART;ORG;GPE
increase,451,VERB;NOUN,
level,450,NOUN;VERB;PROPN,LAW;WORK_OF_ART
interest,447,NOUN;PROPN,WORK_OF_ART;ORG
image,447,NOUN;PROPN,WORK_OF_ART;PERSON;ORG
minority,446,PROPN;NOUN;ADJ,WORK_OF_ART;ORG;EVENT
settler,445,NOUN;PROPN,WORK_OF_ART;ORG;NORP;PERSON;EVENT
german,445,ADJ;PROPN,NORP;WORK_OF_ART;ORG;LANGUAGE;EVENT;LOC
resistance,445,NOUN;PROPN,WORK_OF_ART;ORG;EVENT
own,445,ADJ;VERB;NOUN,WORK_OF_ART
great,441,ADJ;NOUN,GPE;ORG;WORK_OF_ART;PERSON;LOC;EVENT
hebrew,441,PROPN;ADJ;NOUN,LANGUAGE;ORG;WORK_OF_ART;NORP;PERSON;GPE
cambridge,440,PROPN,GPE;ORG;WORK_OF_ART
status,439,NOUN;PROPN,EVENT;LAW;WORK_OF_ART
challenge,438,NOUN;VERB;PROPN,WORK_OF_ART;ORG
collective,437,ADJ;NOUN,EVENT;WORK_OF_ART;LAW
position,436,NOUN;VERB;PROPN,LAW;WORK_OF_ART;ORG
linguistics,435,NOUN;PROPN,WORK_OF_ART;LAW;ORG
recent,432,ADJ,DATE;WORK_OF_ART;ORG;EVENT
scholar,432,NOUN;PROPN,WORK_OF_ART;ORG;PERSON
european,432,ADJ;PROPN,NORP;WORK_OF_ART;ORG;LAW;EVENT
modern,431,ADJ;NOUN;X;PROPN,WORK_OF_ART;ORG;LOC;EVENT;PERSON;NORP;DATE;GPE
president,430,PROPN;NOUN,LAW;ORG;WORK_OF_ART
period,430,NOUN;PROPN,DATE;EVENT;WORK_OF_ART
decision,429,NOUN;PROPN,WORK_OF_ART;EVENT;LAW
explore,429,VERB,
business,429,NOUN;PROPN,ORG;WORK_OF_ART;LAW
individual,428,NOUN;ADJ;PROPN,WORK_OF_ART
leader,427,NOUN;PROPN,WORK_OF_ART
occupy,426,VERB,LOC;WORK_OF_ART;GPE;ORG
struggle,423,VERB;NOUN;PROPN,EVENT;WORK_OF_ART;ORG
abstract,423,NOUN;PROPN;ADJ;VERB,ORG;EVENT;LAW;WORK_OF_ART;PERSON
egypt,422,PROPN,GPE;WORK_OF_ART;ORG;NORP;PERSON;EVENT;LAW;LOC
day,422,NOUN;PROPN,DATE;EVENT;WORK_OF_ART;ORG
publish,422,VERB,WORK_OF_ART
resolution,420,NOUN;PROPN,LAW;ORG;EVENT;WORK_OF_ART
chapter,420,PROPN;NOUN,WORK_OF_ART;LAW;EVENT;ORG;DATE
regard,420,VERB;NOUN;PROPN,ORG;WORK_OF_ART;LAW
justice,420,PROPN;NOUN,WORK_OF_ART;ORG;LAW
discourse,418,NOUN;PROPN,WORK_OF_ART;LAW;ORG
problem,415,NOUN;PROPN,PERSON;WORK_OF_ART;ORG;EVENT
major,414,ADJ;PROPN;NOUN,ORG
soviet,413,PROPN;ADJ,GPE;NORP;WORK_OF_ART;ORG;EVENT;FAC
attitude,410,NOUN;PROPN,WORK_OF_ART;EVENT;ORG
example,407,NOUN,WORK_OF_ART
discuss,404,VERB,
future,403,ADJ;NOUN;PROPN,WORK_OF_ART;DATE
british,403,ADJ;PROPN,WORK_OF_ART;ORG;NORP;EVENT;LAW;GPE
attempt,402,VERB;NOUN;PROPN,WORK_OF_ART
islamic,402,ADJ;PROPN,NORP;ORG;EVENT;GPE;WORK_OF_ART
civil,401,ADJ;NOUN;PROPN,EVENT;ORG;WORK_OF_ART;LAW
education,399,PROPN;NOUN,WORK_OF_ART;ORG;LAW
impact,398,NOUN;PROPN;VERB,WORK_OF_ART;ORG;EVENT;LAW
point,394,VERB;PROPN;NOUN,WORK_OF_ART;ORG;LOC;PERCENT;FAC
much,393,ADJ;ADV,
begin,393,VERB;PROPN;NOUN,PERSON;WORK_OF_ART
vol.,393,PROPN;NOUN;X,WORK_OF_ART;DATE;ORG;LAW;EVENT
ideology,392,NOUN;PROPN,WORK_OF_ART;ORG
material,391,NOUN;PROPN;ADJ,ORG;EVENT;WORK_OF_ART
family,390,PROPN;NOUN,WORK_OF_ART;EVENT;ORG
draw,390,VERB;NOUN,
muslim,386,PROPN;ADJ,NORP;WORK_OF_ART;ORG;GPE;EVENT;PERSON;LOC
interview,386,NOUN;PROPN;VERB,ORG;WORK_OF_ART
subject,385,PROPN;ADJ;NOUN;VERB,WORK_OF_ART;LAW
center,384,PROPN;VERB;NOUN,ORG;WORK_OF_ART;EVENT;FAC
where,383,ADV,
come,381,VERB;PROPN,WORK_OF_ART;DATE;EVENT
islam,381,PROPN;X;ADJ;NOUN,NORP;PERSON;ORG;WORK_OF_ART
syria,380,PROPN,GPE;WORK_OF_ART;NORP;PERSON;EVENT;ORG
2001,380,NUM,DATE;WORK_OF_ART
oxford,379,PROPN,ORG;WORK_OF_ART;GPE
region,378,NOUN;PROPN,GPE;WORK_OF_ART;ORG;LOC
action,376,PROPN;NOUN;X,EVENT;WORK_OF_ART;ORG;LAW
music,376,NOUN;PROPN,WORK_OF_ART
large,375,ADJ,CARDINAL;WORK_OF_ART;ORG
attack,373,NOUN;VERB;PROPN,WORK_OF_ART;EVENT;LAW;PERSON
past,372,NOUN;PROPN;ADJ;ADV,WORK_OF_ART;ORG;DATE;PERSON
strategy,371,NOUN;PROPN,WORK_OF_ART;LAW;EVENT;ORG
fact,371,NOUN;PROPN,WORK_OF_ART;LAW;ORG;EVENT
effort,370,NOUN;PROPN;VERB;X,WORK_OF_ART;EVENT
same,370,ADJ,DATE
child,370,NOUN;PROPN,WORK_OF_ART;ORG;LAW;EVENT
seek,369,VERB,WORK_OF_ART
citizen,369,PROPN;NOUN,WORK_OF_ART;ORG;PERSON;LAW
call,368,VERB;NOUN;PROPN,ORG;WORK_OF_ART
united,368,ADJ;PROPN,GPE;ORG;WORK_OF_ART;EVENT;FAC;LAW
volume,367,NOUN;PROPN;VERB,WORK_OF_ART;EVENT
suggest,366,VERB,
jordan,366,PROPN,GPE;ORG;PERSON;LOC;NORP;WORK_OF_ART;LAW
ed.,366,NOUN;X;PROPN;ADV,ORG;WORK_OF_ART;DATE;GPE
eastern,365,ADJ;PROPN,LOC;WORK_OF_ART;NORP;ORG;GPE;EVENT
consider,364,VERB,WORK_OF_ART
physics,364,NOUN;PROPN,WORK_OF_ART
perception,362,NOUN;PROPN,WORK_OF_ART;LAW
index,362,NOUN;VERB;PROPN,ORG;WORK_OF_ART
local,361,ADJ;NOUN,WORK_OF_ART;ORG
number,359,NOUN;VERB;PROPN,WORK_OF_ART
authority,359,NOUN;PROPN,ORG;WORK_OF_ART
often,358,ADV,
egyptian,357,PROPN;ADJ,NORP;ORG;WORK_OF_ART;EVENT;LOC;LAW
account,355,VERB;NOUN;PROPN,WORK_OF_ART;ORG
crisis,354,PROPN;NOUN,WORK_OF_ART;EVENT;ORG;LAW
model,353,PROPN;NOUN;VERB,PERSON;WORK_OF_ART;LAW;ORG;EVENT
project,352,NOUN;PROPN;VERB,ORG;WORK_OF_ART;EVENT
far,349,ADV;ADJ;X,LOC;WORK_OF_ART
very,349,ADJ;ADV;NOUN,DATE;CARDINAL;WORK_OF_ART
agreement,348,NOUN;PROPN,EVENT;LAW;ORG;WORK_OF_ART
strip,347,PROPN;NOUN;VERB,GPE;WORK_OF_ART;LOC;PERSON
need,347,NOUN;VERB;PROPN,WORK_OF_ART
immigration,347,PROPN;NOUN,WORK_OF_ART;ORG;LAW;EVENT
debate,346,NOUN;PROPN;VERB,WORK_OF_ART;ORG;EVENT
influence,346,NOUN;VERB;PROPN,WORK_OF_ART;LAW
various,346,ADJ,WORK_OF_ART
regional,345,ADJ;NOUN,EVENT;ORG;WORK_OF_ART
post,343,NOUN;ADJ;PROPN;VERB;X,ORG;WORK_OF_ART;EVENT;PERSON
essay,342,NOUN;PROPN,WORK_OF_ART;ORG
david,342,PROPN;X,PERSON;WORK_OF_ART;FAC;EVENT;LOC;GPE;ORG
1993,342,NUM,DATE;WORK_OF_ART
remain,341,VERB;NOUN,WORK_OF_ART;DATE
western,341,ADJ;PROPN,NORP;GPE;ORG;PERSON;WORK_OF_ART;LOC;FAC
access,341,VERB;NOUN;PROPN,WORK_OF_ART;ORG;LAW
academic,339,NOUN;ADJ;PROPN,ORG;WORK_OF_ART;EVENT;FAC
structure,339,VERB;NOUN;ADJ;PROPN;X,ORG;WORK_OF_ART;LAW
rule,338,NOUN;VERB;PROPN,WORK_OF_ART;ORG;LAW
official,337,ADJ;NOUN,WORK_OF_ART;ORG
city,337,NOUN;PROPN,GPE;ORG;FAC;LOC;WORK_OF_ART
library,337,PROPN;NOUN,ORG;WORK_OF_ART;FAC
measure,337,NOUN;VERB,WORK_OF_ART
concern,336,NOUN;VERB;PROPN,ORG;WORK_OF_ART
offer,336,VERB;NOUN;PROPN,PERSON
continue,333,VERB;ADJ,WORK_OF_ART
camp,333,NOUN;PROPN;X,WORK_OF_ART;ORG;FAC;EVENT;PERSON;LOC;GPE
particular,331,ADJ;NOUN,
language,331,NOUN;PROPN;VERB,WORK_OF_ART;ORG;LANGUAGE;NORP
decade,330,NOUN;PROPN,DATE;EVENT;WORK_OF_ART
iraq,330,PROPN,GPE;ORG;EVENT;NORP;WORK_OF_ART;PERSON
threat,329,PROPN;NOUN,WORK_OF_ART;EVENT
less,328,ADJ;ADV;VERB,DATE;WORK_OF_ART;PERCENT;CARDINAL;TIME
classics,328,PROPN;NOUN,WORK_OF_ART
establish,327,VERB;NOUN,LAW
understand,326,VERB,WORK_OF_ART;ORG
value,326,NOUN;PROPN;VERB,WORK_OF_ART
central,325,ADJ;PROPN,ORG;LOC;WORK_OF_ART;NORP;GPE
colonial,325,ADJ;NOUN,WORK_OF_ART;ORG;GPE;LAW;EVENT
prime,324,ADJ;VERB;NOUN;PROPN,ORG
then,323,ADV;ADJ,WORK_OF_ART
thus,323,ADV,
response,322,NOUN;PROPN;VERB,WORK_OF_ART;EVENT
current,322,ADJ;NOUN,WORK_OF_ART;DATE;ORG
area,322,NOUN;PROPN,LAW;LOC;WORK_OF_ART;GPE;ORG
analyze,321,VERB,ORG
2000,321,NUM,DATE;CARDINAL;WORK_OF_ART;PERSON;QUANTITY;FAC;LAW
religion,320,NOUN;PROPN,WORK_OF_ART;ORG;NORP
third,320,ADJ;ADV;NOUN,ORDINAL;WORK_OF_ART;ORG;CARDINAL;FAC;LOC;DATE;EVENT;GPE
october,320,PROPN,EVENT;DATE;WORK_OF_ART;TIME
institution,319,NOUN;PROPN,WORK_OF_ART;ORG
affect,317,VERB;NOUN,WORK_OF_ART
regime,316,NOUN;PROPN,ORG;WORK_OF_ART
help,316,VERB;NOUN,WORK_OF_ART
concept,316,NOUN;PROPN,WORK_OF_ART;ORG;LAW;PERSON
critical,316,ADJ,WORK_OF_ART;DATE;ORG
1994,316,NUM,DATE;WORK_OF_ART;EVENT
information,315,NOUN;PROPN,ORG;EVENT;WORK_OF_ART;LAW
criminology,315,PROPN;NOUN,WORK_OF_ART;LAW;ORG
know,315,VERB,WORK_OF_ART
mathematics,313,NOUN;PROPN,WORK_OF_ART
june,313,PROPN;NOUN,DATE;WORK_OF_ART;PERSON;EVENT;TIME
act,312,NOUN;VERB;PROPN,WORK_OF_ART;LAW
labor,312,NOUN;PROPN;VERB,WORK_OF_ART;ORG;NORP;EVENT;LAW
1995,312,NUM,DATE;EVENT;WORK_OF_ART
space,312,NOUN;PROPN,WORK_OF_ART
live,311,VERB;ADJ;PROPN;NOUN,WORK_OF_ART;PERSON;EVENT
terrorism,311,PROPN;NOUN,ORG;LAW;WORK_OF_ART
turkey,310,PROPN;NOUN,GPE;ORG;WORK_OF_ART;NORP;DATE;LOC
hold,310,VERB;NOUN,
europe,310,PROPN,LOC;WORK_OF_ART;ORG;EVENT;PERSON;NORP;GPE
address,309,VERB;NOUN;PROPN,WORK_OF_ART
significant,308,ADJ,DATE
argument,308,NOUN;PROPN,WORK_OF_ART;LAW
contemporary,307,ADJ;NOUN;PROPN,WORK_OF_ART;ORG;EVENT;GPE
finding,305,NOUN;PROPN,WORK_OF_ART
washington,305,PROPN,GPE;ORG;WORK_OF_ART;LOC;PERSON;NORP;LAW;EVENT;FAC
student,304,NOUN;PROPN,ORG;WORK_OF_ART
school,303,PROPN;NOUN;VERB,ORG;WORK_OF_ART;FAC
discussion,302,NOUN;PROPN,WORK_OF_ART
personal,301,ADJ;NOUN,WORK_OF_ART;LAW
especially,300,ADV,DATE
accord,299,VERB;NOUN;PROPN,LAW;EVENT;WORK_OF_ART;ORG
finance,298,NOUN;PROPN;VERB,LAW;ORG;WORK_OF_ART
nazi,298,PROPN;ADJ,NORP;WORK_OF_ART;GPE;EVENT;ORG;PERSON;FAC;LAW
last,297,ADJ;VERB;PROPN;ADV,DATE;WORK_OF_ART;TIME;EVENT;CARDINAL
now,297,ADV;PROPN,WORK_OF_ART;ORG;DATE
good,297,ADJ;PROPN;NOUN;ADV,PERSON;WORK_OF_ART;ORG
face,296,VERB;NOUN;PROPN,ORG;WORK_OF_ART
aim,295,NOUN;VERB;PROPN,LAW;WORK_OF_ART
november,295,PROPN,DATE;EVENT;WORK_OF_ART;LAW
institute,295,PROPN;NOUN;VERB,ORG;WORK_OF_ART;LAW
plo,294,PROPN;NOUN,ORG;LAW;WORK_OF_ART;EVENT
colonialism,294,NOUN;PROPN,NORP;WORK_OF_ART;ORG
former,293,NOUN;ADJ,ORG;GPE;WORK_OF_ART
may,293,PROPN;VERB,DATE;WORK_OF_ART;PERSON
citizenship,293,PROPN;NOUN,WORK_OF_ART;ORG;LAW
cloth,293,NOUN;PROPN,
union,292,PROPN;NOUN,GPE;ORG;WORK_OF_ART;NORP
bring,292,VERB;PROPN,WORK_OF_ART
story,291,NOUN;PROPN,WORK_OF_ART;PERSON;ORG
sense,291,NOUN;VERB;PROPN,ORG;WORK_OF_ART;PERSON
return,291,NOUN;PROPN;VERB,WORK_OF_ART;LAW;EVENT
demonstrate,290,VERB,
situation,290,NOUN;PROPN,LAW;WORK_OF_ART;ORG
deal,290,VERB;NOUN;PROPN,ORG;WORK_OF_ART
main,289,ADJ;PROPN;NOUN;X,FAC;WORK_OF_ART;ORG;GPE
create,289,VERB,WORK_OF_ART
july,289,PROPN,DATE;ORG;EVENT;TIME;WORK_OF_ART
develop,288,VERB;NOUN,WORK_OF_ART
factor,288,NOUN;PROPN;VERB,WORK_OF_ART
opinion,286,NOUN;PROPN,WORK_OF_ART;ORG;EVENT;LAW
evidence,286,NOUN;PROPN;VERB,WORK_OF_ART
emerge,286,VERB,ORG;WORK_OF_ART
difference,285,NOUN;PROPN,WORK_OF_ART
describe,284,VERB,
shape,283,VERB;NOUN;ADJ;PROPN,WORK_OF_ART
field,282,NOUN;PROPN;VERB,ORG;PERSON;WORK_OF_ART
related,280,ADJ,EVENT;WORK_OF_ART;LAW
2006,280,NUM,DATE;WORK_OF_ART;EVENT;ORG
datum,279,NOUN,
aesthetics,278,PROPN;NOUN,WORK_OF_ART
germany,278,PROPN,WORK_OF_ART;GPE;ORG;NORP
play,276,VERB;PROPN;NOUN,WORK_OF_ART
condition,276,NOUN;VERB;PROPN,WORK_OF_ART;ORG
global,276,ADJ,WORK_OF_ART;EVENT;LOC;ORG
search,276,PROPN;NOUN;VERB,ORG;PERSON;WORK_OF_ART;EVENT
christian,274,ADJ;PROPN,NORP;PERSON;WORK_OF_ART;ORG;LAW
plan,273,NOUN;VERB;PROPN,WORK_OF_ART;EVENT;GPE;LAW;ORG;PERSON
september,273,PROPN,DATE;EVENT;WORK_OF_ART
appear,272,VERB,
content,272,NOUN;PROPN;VERB,
epistemology,271,PROPN;NOUN,WORK_OF_ART
activity,270,NOUN;PROPN,ORG;EVENT;WORK_OF_ART
perceive,270,VERB,
border,269,NOUN;PROPN;VERB,EVENT;WORK_OF_ART;GPE;LAW;ORG
solution,269,PROPN;NOUN,WORK_OF_ART;ORG;EVENT
man,268,NOUN;PROPN;VERB,WORK_OF_ART;ORG;PERSON;LAW
2005,268,NUM,DATE;WORK_OF_ART;PERSON
council,268,PROPN;NOUN,ORG;LAW;EVENT;WORK_OF_ART
set,267,NOUN;VERB;PROPN;ADJ,WORK_OF_ART
class,267,NOUN;PROPN,EVENT;WORK_OF_ART;ORG
four,266,NUM,CARDINAL;DATE;WORK_OF_ART;EVENT;TIME
domestic,266,ADJ;NOUN,LAW;ORG;WORK_OF_ART
south,266,PROPN;ADV;NOUN;ADJ,NORP;GPE;ORG;LOC;WORK_OF_ART;EVENT
2003,266,NUM,DATE;LAW;WORK_OF_ART;PERSON;EVENT
side,265,NOUN;PROPN;VERB,WORK_OF_ART;LOC;PERSON
nuclear,265,ADJ;NOUN,WORK_OF_ART;LAW;EVENT;ORG
wide,265,ADJ;ADV;PROPN;VERB,WORK_OF_ART;ORG
particularly,265,ADV,
seem,264,VERB,
1992,263,NUM,DATE;WORK_OF_ART;EVENT
diplomacy,263,PROPN;NOUN,WORK_OF_ART;LAW;ORG;EVENT
foundation,263,NOUN;PROPN,ORG;WORK_OF_ART;LAW
election,263,NOUN;PROPN,EVENT;ORG;WORK_OF_ART
reveal,262,VERB,WORK_OF_ART
several,262,ADJ,DATE;CARDINAL;TIME;LAW
oslo,262,PROPN,ORG;GPE;LAW;EVENT;WORK_OF_ART;PERSON;NORP
implication,260,NOUN;PROPN;X,WORK_OF_ART
serve,260,VERB,
site,260,NOUN;VERB;PROPN,WORK_OF_ART;ORG;FAC
series,260,PROPN;NOUN,DATE;WORK_OF_ART;EVENT;ORG
old,259,ADJ;NOUN,DATE;GPE;LOC;WORK_OF_ART;ORG;EVENT;NORP;FAC
explain,258,VERB,WORK_OF_ART
understanding,257,NOUN;ADJ;PROPN,WORK_OF_ART;ORG;LAW;GPE
attention,257,NOUN;X,
special,256,ADJ;NOUN,ORG;WORK_OF_ART;LAW;EVENT
march,256,PROPN;VERB;NOUN,DATE;EVENT;WORK_OF_ART;PERSON
survivor,255,NOUN;PROPN,EVENT;ORG;WORK_OF_ART;PERSON
conduct,255,VERB;NOUN;PROPN,LAW
leadership,253,NOUN;PROPN,WORK_OF_ART;ORG
rise,251,NOUN;VERB;PROPN,WORK_OF_ART;EVENT
affair,250,NOUN;PROPN,ORG;WORK_OF_ART;EVENT
democratic,249,ADJ,ORG;LAW;NORP;GPE;WORK_OF_ART
idea,249,NOUN;PROPN,WORK_OF_ART;ORG
involve,249,VERB,
open,249,VERB;ADJ;PROPN;NOUN,LAW;WORK_OF_ART;EVENT;ORG;DATE
reason,248,NOUN;VERB,
still,248,ADV,PERSON;WORK_OF_ART
aspect,248,NOUN;PROPN,WORK_OF_ART;ORG;LAW
resource,247,NOUN;PROPN;VERB,ORG;WORK_OF_ART;LAW
tel,247,PROPN;NOUN,ORG;GPE;PERSON;FAC;WORK_OF_ART
december,246,PROPN,DATE
principle,246,NOUN;PROPN;ADJ,LAW;WORK_OF_ART;EVENT
reflect,246,VERB,WORK_OF_ART
share,245,VERB;NOUN,WORK_OF_ART
meaning,245,NOUN;PROPN,WORK_OF_ART;ORG;PERSON
origin,245,NOUN;PROPN,WORK_OF_ART
turn,243,VERB;NOUN;PROPN,DATE;WORK_OF_ART
2002,243,NUM,DATE;WORK_OF_ART;EVENT;PERSON
2004,243,NUM,DATE;WORK_OF_ART
revolution,242,PROPN;NOUN,WORK_OF_ART;EVENT;ORG;LAW
death,242,NOUN;PROPN,WORK_OF_ART;EVENT
arabic,241,ADJ;PROPN,NORP;LANGUAGE;WORK_OF_ART;ORG
1996,241,NUM,DATE;WORK_OF_ART;EVENT;PERSON
associate,240,VERB;NOUN;PROPN,
1982,240,NUM,DATE;EVENT;ORG
agency,240,PROPN;NOUN,WORK_OF_ART;ORG
represent,239,VERB,
key,239,ADJ;NOUN;PROPN,WORK_OF_ART;LAW;ORG;PERSON;GPE
nature,239,PROPN;NOUN,WORK_OF_ART;ORG
participant,239,NOUN,WORK_OF_ART
august,237,PROPN;ADJ,DATE;WORK_OF_ART
body,237,NOUN;PROPN,WORK_OF_ART;ORG
close,236,VERB;ADJ;ADV;NOUN;PROPN,WORK_OF_ART;CARDINAL;DATE;ORG
april,236,PROPN,DATE;TIME;ORG
aviv,236,PROPN,ORG;GPE;WORK_OF_ART
complex,235,ADJ;NOUN;PROPN,ORG;WORK_OF_ART;FAC;LAW
cause,234,VERB;NOUN;PROPN,WORK_OF_ART
2009,234,NUM,DATE;WORK_OF_ART
survey,233,NOUN;PROPN;VERB,WORK_OF_ART;ORG;EVENT
interpretation,233,NOUN;PROPN,WORK_OF_ART;LAW
opposition,233,NOUN;PROPN,WORK_OF_ART;ORG
home,232,NOUN;PROPN;ADV,WORK_OF_ART;ORG;LAW;EVENT
water,232,NOUN;PROPN,ORG;WORK_OF_ART;LAW;EVENT
framework,231,NOUN;PROPN,EVENT;WORK_OF_ART;ORG
why,231,ADV,WORK_OF_ART
grow,231,VERB,
define,231,VERB;NOUN,WORK_OF_ART
gulf,231,PROPN;NOUN,LOC;EVENT;ORG;GPE;NORP;WORK_OF_ART
antisemitism,230,NOUN;PROPN,WORK_OF_ART;ORG
february,230,PROPN,DATE;WORK_OF_ART;EVENT
say,230,VERB;INTJ;NOUN;PROPN,WORK_OF_ART
actor,230,NOUN;PROPN,LAW;WORK_OF_ART
here,229,ADV,WORK_OF_ART
additional,228,ADJ,WORK_OF_ART;CARDINAL;LAW;EVENT
identify,227,VERB,WORK_OF_ART
light,226,NOUN;PROPN;ADJ;VERB,WORK_OF_ART;ORG
exist,226,VERB,
small,226,ADJ;PROPN,WORK_OF_ART;LOC;PERSON
hand,226,NOUN;PROPN;VERB,WORK_OF_ART
ben,226,PROPN,PERSON;WORK_OF_ART;ORG;DATE;FAC
2007,226,NUM,DATE;WORK_OF_ART
program,225,NOUN;PROPN,WORK_OF_ART;ORG
sovereignty,225,NOUN;PROPN,ORG;LAW;WORK_OF_ART
1991,225,NUM,DATE;EVENT;FAC;WORK_OF_ART;PERSON
die,225,VERB;PROPN;X;NOUN,PERSON;WORK_OF_ART;ORG;GPE
africa,224,PROPN,LOC;GPE;LAW;ORG;WORK_OF_ART;EVENT;PERSON;NORP
der,224,PROPN;X,WORK_OF_ART;GPE;PERSON;ORG;FAC
line,223,NOUN;PROPN;VERB,EVENT;LOC;FAC;WORK_OF_ART;LAW
broad,223,ADJ;PROPN,
moral,223,ADJ;NOUN,WORK_OF_ART;ORG
potential,222,NOUN;ADJ,
category,221,NOUN;PROPN,WORK_OF_ART
just,221,ADV;ADJ,CARDINAL;DATE;WORK_OF_ART;EVENT;ORG
crime,221,NOUN;PROPN;X,WORK_OF_ART;EVENT;LAW
1997,221,NUM,DATE;WORK_OF_ART;PERSON
representation,220,NOUN;PROPN,WORK_OF_ART;LAW;ORG
traditional,220,ADJ,ORG;WORK_OF_ART
army,219,PROPN;NOUN,ORG;WORK_OF_ART
young,219,PROPN;ADJ,PERSON;ORG;EVENT;WORK_OF_ART;NORP
service,219,PROPN;NOUN,ORG;WORK_OF_ART;LAW
french,219,ADJ;PROPN,NORP;LANGUAGE;ORG;EVENT;LAW;WORK_OF_ART
intifada,218,PROPN;NOUN,EVENT;WORK_OF_ART;ORG;DATE;NORP;PERSON
reader,218,NOUN;PROPN,WORK_OF_ART;PERSON;ORG
defense,216,PROPN;NOUN,ORG;WORK_OF_ART;EVENT;LAW
elite,216,NOUN;ADJ;PROPN,WORK_OF_ART;ORG
generation,216,NOUN;PROPN,WORK_OF_ART;EVENT;ORG;DATE;CARDINAL
turkish,215,PROPN;ADJ,NORP;EVENT;ORG;WORK_OF_ART;GPE
professor,215,PROPN;NOUN,WORK_OF_ART
size,213,NOUN;PROPN;VERB,WORK_OF_ART
think,213,VERB;PROPN;NOUN,WORK_OF_ART;ORG
cover,213,VERB;NOUN;PROPN,WORK_OF_ART
age,213,NOUN;PROPN,DATE;ORG;WORK_OF_ART;EVENT
low,212,ADJ;VERB;NOUN,
america,211,PROPN,GPE;LOC;ORG;WORK_OF_ART;NORP;EVENT;PERSON
1999,211,NUM,DATE;WORK_OF_ART;EVENT;PERSON;ORG;FAC
receive,211,VERB,WORK_OF_ART
race,210,NOUN;PROPN,WORK_OF_ART;ORG
comparative,210,ADJ;PROPN,LAW;WORK_OF_ART;ORG
france,210,PROPN,GPE;WORK_OF_ART;ORG;NORP;PERSON;FAC
bear,209,VERB;NOUN;PROPN;X,WORK_OF_ART
reference,209,VERB;NOUN;PROPN,WORK_OF_ART
fail,208,VERB;NOUN,WORK_OF_ART;LAW
construction,208,NOUN;PROPN;X,WORK_OF_ART;ORG;PERSON
internal,208,ADJ,ORG;LAW;WORK_OF_ART
intervention,207,NOUN;PROPN,WORK_OF_ART;EVENT
popular,205,ADJ,ORG;WORK_OF_ART;NORP
january,205,PROPN,DATE;WORK_OF_ART;EVENT
allow,204,VERB,
civilian,204,NOUN;ADJ;PROPN,WORK_OF_ART;EVENT;LAW;ORG
today,204,NOUN;PROPN,DATE;ORG;WORK_OF_ART
john,204,PROPN,PERSON;ORG;WORK_OF_ART
leave,204,VERB;PROPN;NOUN,WORK_OF_ART
majority,204,NOUN;PROPN,LAW;ORG
north,204,PROPN;ADV;NOUN;ADJ,GPE;NORP;ORG;WORK_OF_ART;LOC;LAW;EVENT
strategic,203,ADJ,ORG;WORK_OF_ART
engage,203,VERB,WORK_OF_ART;ORG
worker,203,PROPN;NOUN,ORG;LAW;WORK_OF_ART;EVENT
jps,203,PROPN,ORG;WORK_OF_ART;EVENT;DATE;LAW
dynamic,202,NOUN;ADJ;PROPN,WORK_OF_ART;LAW
recognize,202,VERB,WORK_OF_ART
diaspora,202,PROPN;NOUN;ADJ;X,WORK_OF_ART;EVENT;NORP;LOC;ORG
adopt,201,VERB,
produce,201,VERB;NOUN,EVENT;WORK_OF_ART
association,201,PROPN;NOUN,ORG;WORK_OF_ART;LAW;EVENT
knowledge,200,NOUN;PROPN,WORK_OF_ART;ORG
course,200,NOUN;PROPN;VERB,WORK_OF_ART
2010,200,NUM,DATE;WORK_OF_ART;EVENT;GPE
2008,200,NUM,DATE;ORG;WORK_OF_ART;LAW
pattern,200,NOUN;PROPN,WORK_OF_ART;ORG
least,200,ADJ;ADV,CARDINAL;MONEY;DATE;PERCENT;WORK_OF_ART
possible,199,ADJ,WORK_OF_ART
maintain,199,VERB;NOUN,
village,199,NOUN;PROPN,GPE;ORG;WORK_OF_ART
specific,199,ADJ,WORK_OF_ART
lebanese,199,ADJ;PROPN,NORP;LAW;EVENT;WORK_OF_ART;ORG
liberal,198,ADJ;NOUN;PROPN,NORP;ORG;WORK_OF_ART
reality,198,NOUN;PROPN,WORK_OF_ART;ORG
mass,198,ADJ;NOUN;PROPN;VERB,WORK_OF_ART;EVENT;GPE;ORG
conclude,198,VERB,
aid,198,VERB;NOUN;PROPN,ORG;WORK_OF_ART
text,198,NOUN;PROPN,WORK_OF_ART;ORG
responsibility,198,NOUN;PROPN,WORK_OF_ART;LAW;ORG
film,198,NOUN;PROPN;VERB,WORK_OF_ART;EVENT;ORG
humanitarian,197,ADJ;NOUN,LAW;ORG;WORK_OF_ART;EVENT
common,196,ADJ;PROPN,WORK_OF_ART;ORG;LAW
theoretical,195,ADJ,WORK_OF_ART
strong,195,ADJ,WORK_OF_ART;ORG
animal,195,NOUN;PROPN,WORK_OF_ART
limit,194,VERB;NOUN;PROPN,WORK_OF_ART;ORG;LAW
market,194,VERB;PROPN;NOUN,ORG;WORK_OF_ART
operation,194,PROPN;NOUN,EVENT;WORK_OF_ART;PERSON;ORG
hamas,194,PROPN,ORG;NORP;LAW;EVENT;PERSON;WORK_OF_ART;DATE;GPE
syrian,194,ADJ;PROPN,NORP;ORG;WORK_OF_ART;EVENT
racism,194,NOUN;PROPN,ORG;EVENT;WORK_OF_ART
medicine,193,PROPN;NOUN,WORK_OF_ART;ORG
campaign,193,NOUN;PROPN;VERB,ORG;EVENT;WORK_OF_ART
1989,193,NUM,DATE;PERSON;WORK_OF_ART
1998,193,NUM,DATE;WORK_OF_ART;PERSON
engineering,192,PROPN;NOUN,
few,192,ADJ,DATE;QUANTITY;TIME;CARDINAL
michael,192,PROPN,PERSON;WORK_OF_ART;ORG
similar,191,ADJ,
relevant,191,ADJ,
health,191,PROPN;NOUN,ORG;WORK_OF_ART
ottoman,191,ADJ;PROPN;X;NOUN,GPE;NORP;ORG;PERSON;LOC;EVENT;LAW;WORK_OF_ART;FAC
independence,191,NOUN;PROPN,EVENT;WORK_OF_ART;LAW;ORG
1990,190,NUM,DATE;EVENT;WORK_OF_ART
ethnicity,190,NOUN;PROPN,WORK_OF_ART;NORP;ORG
typography,190,NOUN;PROPN,LAW;WORK_OF_ART
failure,189,NOUN;PROPN,WORK_OF_ART;LAW
phenomenon,189,PROPN;NOUN,WORK_OF_ART
victim,189,NOUN;PROPN;ADV;ADJ,WORK_OF_ART
1988,189,NUM,DATE;WORK_OF_ART;EVENT;PERSON
little,189,ADJ;PROPN;ADV;X,PERSON;DATE;WORK_OF_ART;GPE
back,189,VERB;ADV;NOUN;PROPN;ADJ,WORK_OF_ART;ORG
beirut,189,PROPN;X,GPE;ORG;FAC;WORK_OF_ART;PERSON;EVENT
periodical,189,ADJ;NOUN;PROPN,WORK_OF_ART
english,188,PROPN;ADJ,LANGUAGE;ORG;NORP;WORK_OF_ART
consequence,187,NOUN,WORK_OF_ART
six,187,NUM;PROPN,DATE;CARDINAL;WORK_OF_ART;EVENT;QUANTITY
therefore,187,ADV,
alternative,186,NOUN;ADJ;PROPN,ORG;EVENT;LAW;WORK_OF_ART
link,185,VERB;NOUN,WORK_OF_ART
2019,185,NUM,DATE;ORG;EVENT;WORK_OF_ART;FAC
quarter,185,NOUN;PROPN,CARDINAL;DATE;ORG;WORK_OF_ART;EVENT
opportunity,184,NOUN;PROPN,WORK_OF_ART;ORG
committee,184,NOUN;PROPN,ORG;WORK_OF_ART;LAW;EVENT
range,183,NOUN;VERB;PROPN,WORK_OF_ART
shift,183,NOUN;VERB;PROPN,WORK_OF_ART
weapon,183,NOUN;PROPN,LAW;WORK_OF_ART;EVENT
homeland,183,NOUN;PROPN,WORK_OF_ART;ORG;NORP
saudi,183,ADJ;PROPN,NORP;GPE;WORK_OF_ART;EVENT
compare,182,VERB,
mainstream,181,VERB;ADJ;PROPN;NOUN,ORG;WORK_OF_ART;NORP
word,181,PROPN;NOUN;VERB,WORK_OF_ART;PERSON;EVENT;ORG
indeed,181,ADV,PERSON
importance,181,NOUN;PROPN,WORK_OF_ART
element,180,NOUN;PROPN,WORK_OF_ART;LAW
name,180,NOUN;VERB;PROPN,WORK_OF_ART;ORG
routledge,179,PROPN;ADJ,WORK_OF_ART;GPE;ORG;EVENT;DATE
management,178,NOUN;PROPN,LAW;ORG;WORK_OF_ART
indicate,178,VERB,
migration,178,NOUN;PROPN,WORK_OF_ART;ORG
direct,178,VERB;ADJ;NOUN,
representative,177,NOUN;ADJ;PROPN,ORG
freedom,176,NOUN;PROPN,WORK_OF_ART;ORG;LAW;EVENT;PERSON
archive,176,PROPN;NOUN;VERB,ORG;WORK_OF_ART;PERSON
intellectual,176,ADJ;NOUN;PROPN,WORK_OF_ART;EVENT
wall,176,NOUN;PROPN;VERB,LOC;ORG;PERSON;WORK_OF_ART;FAC;EVENT;LAW
intergroup,176,NOUN;ADJ;PROPN,
scholarship,175,NOUN;PROPN,WORK_OF_ART;PERSON
move,175,NOUN;VERB;PROPN,WORK_OF_ART;LAW
look,175,NOUN;VERB;PROPN,WORK_OF_ART
tradition,175,NOUN;PROPN;X,WORK_OF_ART;ORG
solidarity,175,NOUN;PROPN,ORG;WORK_OF_ART
full,175,ADJ,WORK_OF_ART;ORG;DATE
protect,175,VERB,LAW;WORK_OF_ART
type,174,NOUN;VERB;PROPN,WORK_OF_ART
five,174,NUM,CARDINAL;DATE;TIME;LAW;WORK_OF_ART;QUANTITY;GPE
refer,174,VERB,
trial,174,NOUN;PROPN,WORK_OF_ART;EVENT;PERSON;ORG
liberation,173,PROPN;NOUN,EVENT;ORG;WORK_OF_ART
reach,173,NOUN;VERB;PROPN,WORK_OF_ART
racial,173,ADJ;NOUN;PROPN,WORK_OF_ART;NORP;ORG;LAW;EVENT
contribute,172,VERB,
criminal,172,ADJ;NOUN;PROPN,WORK_OF_ART;ORG;LAW;EVENT
conference,172,PROPN;NOUN,EVENT;WORK_OF_ART;ORG
tell,172,VERB;PROPN;NOUN,WORK_OF_ART;FAC;GPE;ORG
trend,171,NOUN;VERB,
conclusion,171,NOUN,WORK_OF_ART
addition,171,NOUN,
occupied,171,ADJ;VERB,GPE;LOC;WORK_OF_ART;ORG
mean,171,VERB;NOUN;ADJ,
behavior,171,NOUN;PROPN,WORK_OF_ART
boundary,170,NOUN;PROPN;ADJ,ORG;WORK_OF_ART
people,170,NOUN;PROPN;VERB,WORK_OF_ART;ORG;GPE
arab–,170,ADJ;PROPN,NORP;EVENT;WORK_OF_ART;ORG
basis,170,NOUN;PROPN;X,WORK_OF_ART
mark,170,PROPN;VERB;NOUN,PERSON;WORK_OF_ART
britain,170,PROPN,WORK_OF_ART;GPE;NORP;ORG;EVENT
extent,170,NOUN,
treaty,170,NOUN;PROPN,LAW;ORG;EVENT;WORK_OF_ART
likely,169,ADJ;ADV,
ecology,169,PROPN;NOUN,WORK_OF_ART;ORG
certain,169,ADJ,WORK_OF_ART
2011,169,NUM,DATE;EVENT;WORK_OF_ART;LAW
contribution,168,NOUN;PROPN,WORK_OF_ART
benefit,168,NOUN;VERB,WORK_OF_ART
capital,168,NOUN;ADJ;PROPN,WORK_OF_ART;ORG;GPE;EVENT
believe,168,VERB,
establishment,168,PROPN;NOUN,WORK_OF_ART;ORG;LAW
google,168,PROPN,WORK_OF_ART;ORG;PERSON
goal,167,NOUN;PROPN,
intelligence,167,PROPN;NOUN,ORG;EVENT;WORK_OF_ART
clear,167,ADJ;VERB;NOUN,
never,167,ADV,
armed,167,ADJ,WORK_OF_ART;ORG;LAW;EVENT
record,167,NOUN;PROPN;VERB,EVENT;WORK_OF_ART;LAW;ORG
promote,166,VERB;NOUN,WORK_OF_ART
demography,166,PROPN;NOUN,WORK_OF_ART
african,166,ADJ;PROPN,NORP;WORK_OF_ART;ORG;LOC;GPE
online,166,ADV;ADJ;NOUN;PROPN,ORG;WORK_OF_ART
department,166,PROPN;NOUN,ORG;WORK_OF_ART;EVENT
demographic,166,ADJ;NOUN;PROPN,WORK_OF_ART
web,166,NOUN;PROPN,WORK_OF_ART;ORG
growth,165,NOUN;PROPN,WORK_OF_ART
house,165,PROPN;NOUN;VERB,WORK_OF_ART;ORG;PERSON;FAC
battle,165,PROPN;NOUN;VERB,WORK_OF_ART;EVENT
nationalist,165,ADJ;NOUN;PROPN,ORG;WORK_OF_ART;NORP
iranian,165,ADJ;PROPN,EVENT;NORP;WORK_OF_ART;ORG
matter,164,NOUN;VERB;PROPN,WORK_OF_ART;DATE;LAW;TIME
raise,164,VERB,
psychological,163,ADJ,WORK_OF_ART
apply,163,VERB,WORK_OF_ART
legitimacy,163,NOUN;PROPN,WORK_OF_ART;LAW
soldier,163,NOUN;PROPN,ORG;WORK_OF_ART;PERSON
trace,163,VERB;NOUN;PROPN;X,WORK_OF_ART;LAW
respect,163,NOUN;VERB;PROPN,WORK_OF_ART;LAW
terror,163,PROPN;NOUN,WORK_OF_ART;EVENT;ORG
princeton,163,PROPN,ORG;GPE;WORK_OF_ART
outgroup,163,NOUN;ADJ;PROPN,WORK_OF_ART
arm,162,NOUN;PROPN,ORG;WORK_OF_ART;EVENT;LAW
historian,162,NOUN;PROPN,EVENT;WORK_OF_ART;ORG
secular,162,ADJ;NOUN;PROPN,ORG;WORK_OF_ART;PERSON;NORP
outcome,161,NOUN;PROPN,EVENT;WORK_OF_ART
mandate,161,NOUN;PROPN;VERB,GPE;EVENT;ORG;LAW;WORK_OF_ART;DATE
ongoing,161,ADJ,WORK_OF_ART
alliance,161,PROPN;NOUN,ORG;WORK_OF_ART;EVENT
test,161,NOUN;VERB;PROPN,LAW;WORK_OF_ART
detail,161,NOUN;VERB;PROPN,WORK_OF_ART
publication,161,PROPN;NOUN,WORK_OF_ART;ORG
lack,160,NOUN;VERB,
final,160,ADJ,WORK_OF_ART;ORG;DATE;LAW;EVENT
knesset,160,PROPN,ORG;WORK_OF_ART;EVENT;LAW
1973,159,NUM,EVENT;DATE;WORK_OF_ART;PERSON
initiative,159,NOUN;PROPN,EVENT;ORG;WORK_OF_ART
ideological,159,ADJ,WORK_OF_ART
formation,159,PROPN;NOUN,ORG;WORK_OF_ART
bibl.,159,NOUN;INTJ,
independent,158,ADJ;PROPN,ORG;GPE;WORK_OF_ART
talk,158,VERB;NOUN;PROPN,WORK_OF_ART
integration,158,PROPN;NOUN,WORK_OF_ART;LAW;ORG
building,157,NOUN;PROPN,FAC;WORK_OF_ART;ORG
figure,157,NOUN;VERB;PROPN,WORK_OF_ART
list,157,NOUN;VERB;PROPN,WORK_OF_ART;LAW;ORG;EVENT
vol,157,PROPN;NOUN;X;INTJ,DATE;LAW;WORK_OF_ART;PERSON;ORG
constitute,156,VERB,
choice,156,NOUN;PROPN,WORK_OF_ART
standard,156,NOUN;ADJ;PROPN,NORP;LAW;WORK_OF_ART;ORG
stress,156,PROPN;VERB;NOUN,WORK_OF_ART;EVENT
genealogy,156,NOUN;PROPN,WORK_OF_ART
divide,155,VERB;NOUN;PROPN,ORG;WORK_OF_ART
largely,155,ADV,
purpose,155,NOUN;PROPN,WORK_OF_ART
positive,155,ADJ,
dispute,155,VERB;PROPN;NOUN,WORK_OF_ART;EVENT;LAW
almost,155,ADV,CARDINAL;PERCENT;DATE
california,155,PROPN,ORG;GPE;WORK_OF_ART
dimension,155,NOUN;PROPN,WORK_OF_ART
fear,154,NOUN;VERB;PROPN,WORK_OF_ART
encounter,154,NOUN;VERB;PROPN,WORK_OF_ART
fall,154,NOUN;VERB;PROPN;ADJ,WORK_OF_ART;DATE;PERSON;EVENT
highlight,154,VERB;NOUN,
theme,154,NOUN;PROPN,WORK_OF_ART
property,153,NOUN;PROPN,LAW;WORK_OF_ART;ORG;EVENT
trade,153,PROPN;NOUN;VERB,ORG;EVENT;LAW;WORK_OF_ART;FAC
build,153,VERB;NOUN,WORK_OF_ART
interaction,153,NOUN;PROPN,ORG;WORK_OF_ART
due,153,ADJ;NOUN,
indigenous,153,ADJ;PROPN,WORK_OF_ART;LAW;ORG
transformation,152,NOUN;PROPN,WORK_OF_ART
editor,152,NOUN;PROPN,WORK_OF_ART
meeting,152,PROPN;NOUN;VERB,EVENT;WORK_OF_ART;ORG
means,152,NOUN;PROPN;VERB,WORK_OF_ART
insight,152,NOUN;PROPN,ORG
ground,151,NOUN;PROPN;VERB,WORK_OF_ART;EVENT
eds,151,NOUN;PROPN;X,WORK_OF_ART
belief,151,NOUN;PROPN,WORK_OF_ART
edite,151,VERB,WORK_OF_ART
commission,150,NOUN;PROPN;VERB,ORG;WORK_OF_ART;LAW
variety,150,NOUN;PROPN,WORK_OF_ART
carry,150,VERB,LAW
sample,150,NOUN;VERB;PROPN,WORK_OF_ART
terrorist,150,NOUN;ADJ;PROPN,EVENT;WORK_OF_ART;LAW;ORG
employ,149,VERB,WORK_OF_ART
black,149,ADJ;PROPN;NOUN,ORG;LOC;WORK_OF_ART;EVENT;NORP;PERSON;GPE
biology,149,PROPN;NOUN,WORK_OF_ART
robert,149,PROPN,PERSON;WORK_OF_ART;ORG
basic,149,ADJ;NOUN,WORK_OF_ART;LAW;ORG
empire,149,PROPN;NOUN,GPE;FAC;WORK_OF_ART;NORP;ORG;EVENT;PERSON;LOC
republic,149,PROPN;NOUN,ORG;WORK_OF_ART;GPE;NORP;LAW
balance,149,X;NOUN;VERB;PROPN,WORK_OF_ART;ORG
russian,149,ADJ;PROPN,NORP;ORG;WORK_OF_ART;EVENT;GPE;PERSON;LANGUAGE
achieve,148,VERB,WORK_OF_ART
chicago,148,PROPN,WORK_OF_ART;GPE;ORG;NORP;EVENT
humanity,148,NOUN;PROPN,WORK_OF_ART;ORG;LAW
critique,148,X;NOUN;PROPN;VERB,WORK_OF_ART;ORG;FAC
occur,147,VERB,
gain,147,VERB;PROPN;NOUN,WORK_OF_ART
free,147,ADJ;VERB,ORG;WORK_OF_ART;EVENT;GPE;LAW
speak,147,VERB;NOUN;PROPN,WORK_OF_ART
connection,147,NOUN;PROPN,ORG;WORK_OF_ART
discrimination,147,NOUN;PROPN,LAW;ORG;EVENT;WORK_OF_ART
style,146,NOUN;PROPN;VERB,WORK_OF_ART
paradigm,146,PROPN;NOUN,WORK_OF_ART
reaction,146,NOUN;PROPN,EVENT;WORK_OF_ART
professional,146,ADJ;NOUN,LAW;ORG
radical,146,NOUN;ADJ;PROPN,WORK_OF_ART;ORG
too,145,ADV,
primarily,145,ADV,
jordanian,145,ADJ;PROPN,NORP;EVENT;ORG;WORK_OF_ART;LAW
contrast,144,NOUN;VERB,WORK_OF_ART
diplomatic,144,ADJ,ORG
together,144,ADV,WORK_OF_ART
hope,144,NOUN;VERB;PROPN,WORK_OF_ART;PERSON
introduction,144,NOUN;PROPN,EVENT;WORK_OF_ART
negative,144,ADJ;NOUN,
des,144,PROPN;X,FAC;ORG;WORK_OF_ART;PERSON;GPE
root,143,NOUN;PROPN;VERB,WORK_OF_ART
single,143,ADJ;VERB,DATE;WORK_OF_ART;EVENT
exchange,142,NOUN;PROPN;VERB,ORG;WORK_OF_ART;LAW
try,142,VERB;NOUN,WORK_OF_ART
presence,141,NOUN;PROPN,WORK_OF_ART
put,141,VERB,
notion,141,NOUN;PROPN,WORK_OF_ART
activist,141,NOUN;PROPN;ADJ,WORK_OF_ART
1945,141,NUM,WORK_OF_ART;DATE;EVENT;ORG
armenian,141,PROPN;ADJ,NORP;EVENT;WORK_OF_ART;ORG
oil,141,NOUN;PROPN,ORG;EVENT;WORK_OF_ART
demand,140,VERB;NOUN;ADJ,WORK_OF_ART;LAW;ORG
2015,140,NUM,DATE;WORK_OF_ART
writing,140,NOUN;PROPN,WORK_OF_ART
accept,140,VERB,WORK_OF_ART
target,140,VERB;NOUN;PROPN,ORG;WORK_OF_ART
2017,140,NUM,DATE;WORK_OF_ART;EVENT
background,140,PROPN;NOUN,WORK_OF_ART
require,139,VERB,
recently,139,ADV,
left,139,ADJ;NOUN;VERB;PROPN,ORG;WORK_OF_ART;EVENT
prisoner,139,NOUN;PROPN,WORK_OF_ART;ORG;EVENT
2020,139,NUM,DATE;WORK_OF_ART
sphere,138,NOUN;PROPN,WORK_OF_ART
previous,138,ADJ,DATE;WORK_OF_ART
labour,138,NOUN;PROPN;VERB,ORG;NORP;WORK_OF_ART
medical,137,ADJ,WORK_OF_ART;ORG
criticism,137,NOUN;PROPN,LAW;WORK_OF_ART
unique,137,ADJ;PROPN,WORK_OF_ART
bibliography,137,PROPN;NOUN,WORK_OF_ART;ORG
supreme,137,ADJ,ORG;WORK_OF_ART;LAW
2018,137,NUM,DATE;WORK_OF_ART;EVENT
effective,137,ADJ,ORG;WORK_OF_ART
increasingly,136,ADV,
prevent,136,VERB;PROPN,WORK_OF_ART
decrease,136,VERB;NOUN,
sociological,136,ADJ,WORK_OF_ART;ORG;EVENT
territorial,136,ADJ,WORK_OF_ART;LAW;ORG
selection,136,NOUN,WORK_OF_ART
characteristic,136,NOUN;ADJ,
construct,136,VERB;NOUN;PROPN,WORK_OF_ART
reading,136,NOUN;PROPN,WORK_OF_ART;ORG
chronology,136,NOUN;PROPN,WORK_OF_ART;ORG
institutional,135,ADJ;NOUN,WORK_OF_ART;ORG
assess,135,VERB,WORK_OF_ART
prevention,135,NOUN;PROPN,WORK_OF_ART;EVENT;LAW;ORG
statement,135,NOUN;PROPN,ORG;LAW;WORK_OF_ART
2014,135,NUM,DATE;WORK_OF_ART;CARDINAL
declaration,135,NOUN;PROPN,LAW;WORK_OF_ART;EVENT
eds.,135,NOUN;ADV;X;PROPN,ORG
vision,135,PROPN;NOUN;VERB,WORK_OF_ART;ORG
function,135,NOUN;VERB;PROPN,WORK_OF_ART
evolution,135,NOUN;PROPN,WORK_OF_ART
comment,135,NOUN;VERB;PROPN;X,LAW;WORK_OF_ART
destruction,134,NOUN;PROPN,WORK_OF_ART;ORG;EVENT
head,134,VERB;NOUN;PROPN,PERSON;WORK_OF_ART
generally,134,ADV,
cooperation,134,NOUN;PROPN;X;VERB,ORG;WORK_OF_ART;LAW
belong,134,VERB;NOUN,
2012,134,NUM,DATE;WORK_OF_ART;EVENT;CARDINAL
mechanism,134,NOUN,WORK_OF_ART
protest,134,VERB;NOUN;PROPN,WORK_OF_ART;EVENT;ORG
contact,134,NOUN;VERB,ORG;WORK_OF_ART
mandatory,134,ADJ;PROPN,ORG;WORK_OF_ART;GPE;EVENT;LAW;NORP
get,133,VERB;NOUN,WORK_OF_ART;LAW
cite,133,VERB;PROPN;NOUN,
white,133,ADJ;PROPN,ORG;WORK_OF_ART;EVENT;FAC;NORP;PERSON
office,133,PROPN;NOUN,WORK_OF_ART;ORG;FAC
latter,132,ADJ;NOUN,DATE
consideration,132,NOUN;PROPN,WORK_OF_ART
1956,132,NUM,DATE;EVENT;WORK_OF_ART
boycott,132,PROPN;NOUN;VERB,WORK_OF_ART;ORG;PERSON;EVENT;LAW
uprising,132,NOUN;PROPN,ORG;EVENT;WORK_OF_ART
creation,132,PROPN;NOUN,WORK_OF_ART;ORG;PERSON
norm,132,NOUN;ADJ;PROPN,WORK_OF_ART;ORG
arabia,132,PROPN,GPE;NORP;WORK_OF_ART;EVENT
feature,131,NOUN;VERB,
convention,131,PROPN;NOUN,EVENT;LAW;WORK_OF_ART;ORG
1985,131,NUM,DATE;WORK_OF_ART
map,131,NOUN;VERB;PROPN,WORK_OF_ART;FAC
tend,130,VERB;X,
read,130,VERB;NOUN;PROPN,WORK_OF_ART;PERSON
express,130,VERB;NOUN,WORK_OF_ART
1979,130,NUM,DATE;EVENT;WORK_OF_ART
george,130,PROPN,PERSON;ORG;WORK_OF_ART;FAC
letter,130,NOUN;PROPN,WORK_OF_ART;PERSON
witness,130,PROPN;NOUN;VERB,WORK_OF_ART;ORG
character,129,NOUN;PROPN,WORK_OF_ART
propose,129,VERB,
ask,129,VERB,
moment,129,NOUN;PROPN,WORK_OF_ART
real,129,ADJ,WORK_OF_ART
daily,129,ADJ;NOUN;ADV;PROPN,ORG;DATE;WORK_OF_ART
richard,129,PROPN,PERSON;WORK_OF_ART;ORG
tension,129,NOUN;PROPN,WORK_OF_ART;EVENT
start,129,VERB;NOUN,DATE;WORK_OF_ART
desire,128,VERB;NOUN;PROPN,WORK_OF_ART
ministry,128,PROPN;NOUN,ORG;WORK_OF_ART
era,128,NOUN;PROPN,EVENT;WORK_OF_ART;DATE;PERSON;ORG
reprint,128,VERB;NOUN;PROPN,ORG
torture,128,NOUN;PROPN;VERB,WORK_OF_ART;LAW;EVENT;ORG;PERSON
stage,128,NOUN;PROPN;VERB,WORK_OF_ART
item,128,NOUN;PROPN,
specifically,128,ADV,
activism,128,NOUN;PROPN,WORK_OF_ART;ORG
finally,128,ADV,
netanyahu,128,PROPN,PERSON;NORP;GPE;WORK_OF_ART;ORG;EVENT
gurion,128,PROPN,PERSON;ORG;WORK_OF_ART;FAC
sanction,127,PROPN;NOUN;VERB,LAW;ORG;WORK_OF_ART;EVENT
feel,127,VERB;NOUN,
e.g.,127,ADV,
always,127,ADV,
determine,127,VERB,
agenda,127,PROPN;NOUN,ORG;WORK_OF_ART
negotiate,126,VERB,WORK_OF_ART
advertising,126,NOUN;PROPN,WORK_OF_ART
myth,126,PROPN;NOUN,WORK_OF_ART;PERSON;ORG
original,125,ADJ;NOUN,WORK_OF_ART
version,125,NOUN;PROPN,WORK_OF_ART
1984,125,NUM,DATE;WORK_OF_ART;ORG
wing,125,NOUN;PROPN,PERSON;WORK_OF_ART
educational,125,ADJ,ORG;WORK_OF_ART
treatment,124,NOUN;PROPN,ORG
dominant,124,ADJ,ORG
visit,124,NOUN;VERB;PROPN,WORK_OF_ART;ORG
tie,124,NOUN;VERB,
difficult,124,ADJ,WORK_OF_ART
reform,123,NOUN;PROPN;VERB,ORG;LAW;WORK_OF_ART
frame,123,VERB;NOUN;PROPN,WORK_OF_ART;LAW
suicide,123,NOUN;PROPN,WORK_OF_ART
organize,123,VERB,EVENT
martin,123,PROPN,PERSON;ORG;WORK_OF_ART;LOC;GPE
landscape,123,PROPN;VERB;NOUN,ORG;WORK_OF_ART
update,123,NOUN;VERB;PROPN,WORK_OF_ART;EVENT;LAW
youth,123,PROPN;NOUN,WORK_OF_ART;ORG
rabin,123,PROPN,PERSON;NORP;WORK_OF_ART;FAC
jurisdiction,123,PROPN;NOUN,LAW;WORK_OF_ART
constitutional,122,ADJ;NOUN,WORK_OF_ART;EVENT;ORG;LAW
possibility,122,NOUN;PROPN,WORK_OF_ART;ORG
ever,122,ADV,WORK_OF_ART
dilemma,122,NOUN;PROPN,WORK_OF_ART;PERSON;ORG
emergence,122,PROPN;NOUN,WORK_OF_ART
1990s,122,NOUN,DATE
arendt,122,PROPN,PERSON;WORK_OF_ART;ORG;GPE
2021,122,NUM,DATE;WORK_OF_ART;CARDINAL
cattle,122,NOUN;PROPN,WORK_OF_ART
enemy,121,NOUN;PROPN,WORK_OF_ART;PERSON
ethics,121,NOUN;PROPN,WORK_OF_ART;ORG;LAW
commitment,121,NOUN,LAW
division,121,NOUN;PROPN,ORG;WORK_OF_ART
judge,121,NOUN;VERB;PROPN,WORK_OF_ART;PERSON
logic,121,NOUN;PROPN,LAW;WORK_OF_ART
meet,121,VERB,EVENT
migrant,121,NOUN;ADJ;PROPN,LAW;ORG;WORK_OF_ART
primary,121,ADJ;NOUN,ORG
protection,121,NOUN;PROPN;X,WORK_OF_ART;EVENT;LAW;ORG;FAC
1949,120,NUM,DATE;WORK_OF_ART;EVENT
participation,120,NOUN;PROPN,WORK_OF_ART
month,120,NOUN,DATE;WORK_OF_ART;EVENT
god,120,PROPN;NOUN,WORK_OF_ART;ORG;PERSON
definition,120,NOUN;PROPN,WORK_OF_ART
violent,120,ADJ,ORG;WORK_OF_ART;EVENT
holy,120,ADJ,WORK_OF_ART;GPE;LOC;PERSON;ORG;EVENT;FAC
doctrine,120,NOUN;PROPN,WORK_OF_ART;LAW
2016,120,NUM,DATE;WORK_OF_ART
kind,120,PROPN;NOUN;ADJ,WORK_OF_ART;TIME
extend,120,VERB;NOUN,LAW
iraqi,120,ADJ;PROPN,EVENT;NORP;ORG;WORK_OF_ART
explanation,119,NOUN,WORK_OF_ART
degree,119,NOUN,QUANTITY;WORK_OF_ART
stand,119,NOUN;VERB;PROPN,WORK_OF_ART;EVENT
everyday,119,ADJ;NOUN;ADV,WORK_OF_ART
town,119,PROPN;NOUN,WORK_OF_ART
recognition,119,NOUN;PROPN,
private,119,ADJ,WORK_OF_ART;LAW;ORG
method,119,NOUN;PROPN,WORK_OF_ART;LAW
journalist,119,NOUN;PROPN,WORK_OF_ART
sector,119,NOUN;PROPN,ORG;WORK_OF_ART
king,119,PROPN;NOUN,PERSON;WORK_OF_ART;ORG;FAC
empirical,118,ADJ,WORK_OF_ART
compromise,118,NOUN;VERB;PROPN,LAW;WORK_OF_ART
complete,118,ADJ;VERB;PROPN;NOUN,
assume,118,VERB,
secretary,118,NOUN;PROPN,WORK_OF_ART
partition,118,NOUN;PROPN;VERB,LAW;WORK_OF_ART;EVENT;ORG
further,117,ADJ;VERB,
emphasize,117,VERB,
i.e.,117,ADV,ORG
northern,117,ADJ;PROPN,GPE;ORG;LOC;WORK_OF_ART;NORP
short,117,ADJ,DATE;WORK_OF_ART
cross,117,VERB;NOUN;PROPN,ORG;EVENT;WORK_OF_ART;LAW
objective,116,NOUN;ADJ,
1987,116,NUM,DATE;WORK_OF_ART
emotional,116,ADJ,WORK_OF_ART
1983,116,NUM,DATE;WORK_OF_ART
title,116,NOUN;VERB,LAW
contain,116,VERB,EVENT;WORK_OF_ART
conversation,116,PROPN;NOUN,WORK_OF_ART
oppose,116,VERB,WORK_OF_ART
environment,116,NOUN;PROPN,WORK_OF_ART;ORG
golan,116,PROPN,GPE;LOC;PERSON;ORG;FAC;NORP;WORK_OF_ART
abu,116,PROPN,PERSON;GPE;ORG;LAW;FAC;LOC;DATE
success,115,NOUN;PROPN,
highly,115,ADV,
silence,115,NOUN;PROPN;VERB,PERSON;WORK_OF_ART;EVENT
topic,115,NOUN;PROPN,EVENT
frank,115,PROPN;ADJ,PERSON;ORG;WORK_OF_ART;GPE
identification,115,NOUN;PROPN,
clearly,115,ADV,
parent,115,NOUN;PROPN,WORK_OF_ART
voice,115,NOUN;VERB;PROPN,ORG;WORK_OF_ART
technology,115,NOUN;PROPN,WORK_OF_ART;ORG
select,115,ADJ;VERB,WORK_OF_ART
production,115,NOUN;PROPN;X,WORK_OF_ART;ORG;FAC
hostility,115,NOUN;PROPN,
design,114,VERB;NOUN;PROPN,WORK_OF_ART;ORG
separate,114,VERB;ADJ,
dialogue,114,NOUN;VERB;PROPN,WORK_OF_ART;EVENT
publisher,114,NOUN;PROPN,ORG;WORK_OF_ART
relatively,114,ADV,
speech,114,PROPN;NOUN,WORK_OF_ART;LAW
able,114,ADJ,
pressure,114,NOUN;VERB;PROPN,WORK_OF_ART
inequality,114,NOUN;PROPN,LAW;WORK_OF_ART
financial,113,ADJ,EVENT;ORG;WORK_OF_ART
engagement,113,NOUN;PROPN;X,WORK_OF_ART;LAW;ORG
comprehensive,113,ADJ,WORK_OF_ART;ORG;LAW
option,113,PROPN;NOUN,WORK_OF_ART
hegemony,113,NOUN;PROPN,WORK_OF_ART;EVENT;ORG;NORP;PERSON
limited,113,ADJ;PROPN,ORG;WORK_OF_ART
making,112,NOUN;VERB;PROPN,
beginning,112,NOUN;VERB,DATE
twentieth,112,ADJ;PROPN,DATE;WORK_OF_ART;ORG;ORDINAL
wild,112,ADJ;NOUN,WORK_OF_ART
structural,112,ADJ;NOUN,
dominate,112,VERB;ADJ,WORK_OF_ART
relate,112,VERB,
cairo,112,PROPN,ORG;GPE;NORP;LAW;WORK_OF_ART;FAC;EVENT;PERSON
characterize,111,VERB,
1980s,111,NOUN,DATE
million,111,NUM;NOUN;PROPN,CARDINAL;WORK_OF_ART;MONEY;QUANTITY
spanish,111,ADJ;PROPN,EVENT;LANGUAGE;WORK_OF_ART;NORP;GPE
scholarly,111,ADJ,WORK_OF_ART
serious,111,ADJ,
geology,111,PROPN;NOUN,WORK_OF_ART;LOC
edit,111,VERB;NOUN,
cold,111,ADJ,EVENT;WORK_OF_ART
bar,111,PROPN;NOUN,ORG;PERSON;FAC;WORK_OF_ART;GPE
want,111,VERB;NOUN;PROPN,WORK_OF_ART
paul,111,PROPN,WORK_OF_ART;PERSON;ORG;GPE;NORP
pay,111,VERB;X;NOUN,WORK_OF_ART;PERSON;ORG
violation,111,NOUN;PROPN,WORK_OF_ART;LAW
advance,111,NOUN;VERB;ADJ,
2013,111,NUM,DATE;WORK_OF_ART
native,111,PROPN;NOUN;ADJ,WORK_OF_ART;ORG;NORP;PERSON
ability,111,NOUN,
orientation,111,NOUN;PROPN,WORK_OF_ART
domestication,111,NOUN;PROPN,WORK_OF_ART
isbn,111,PROPN;NOUN,ORG;WORK_OF_ART
ibid.,110,PROPN;NOUN;X,WORK_OF_ART;DATE
already,110,ADV,
task,110,NOUN;VERB;PROPN,WORK_OF_ART;ORG
external,110,ADJ,WORK_OF_ART
break,110,VERB;NOUN,WORK_OF_ART
necessary,109,ADJ,WORK_OF_ART
neighbor,109,NOUN;PROPN;VERB,WORK_OF_ART
again,109,ADV,WORK_OF_ART
columbia,109,PROPN,ORG;WORK_OF_ART;GPE;LOC
mainly,109,ADV,
introduce,109,VERB,WORK_OF_ART
reduce,108,VERB,
denial,108,NOUN;PROPN;ADJ,WORK_OF_ART;LAW
newspaper,108,PROPN;NOUN,WORK_OF_ART
add,108,VERB;NOUN,
news,108,PROPN;NOUN,ORG;WORK_OF_ART
summary,108,PROPN;NOUN,WORK_OF_ART;EVENT;ORG
rely,107,VERB,
widely,107,ADV,
moreover,107,ADV,
over,107,ADV;ADJ,CARDINAL;DATE;PERCENT;QUANTITY;MONEY
1947,107,NUM,DATE;WORK_OF_ART;EVENT
table,107,PROPN;NOUN,WORK_OF_ART
arafat,107,PROPN,PERSON;NORP;WORK_OF_ART;GPE
permission,107,NOUN;PROPN,
download,107,PROPN;NOUN;VERB,WORK_OF_ART;ORG
deep,106,ADJ;ADV,GPE
circumstance,106,NOUN,
investigate,106,VERB,WORK_OF_ART
invasion,106,NOUN;PROPN,WORK_OF_ART;EVENT
undermine,106,VERB;NOUN,WORK_OF_ART;EVENT
kill,106,VERB,WORK_OF_ART
click,106,VERB,
sizeclick,106,NOUN,
communication,106,NOUN;PROPN,ORG;WORK_OF_ART
anti-semitism,106,NOUN;PROPN,EVENT;WORK_OF_ART
cohen,106,PROPN,PERSON;ORG;WORK_OF_ART
sign,106,VERB;NOUN;PROPN,WORK_OF_ART
centre,106,PROPN;NOUN;VERB,FAC;ORG;WORK_OF_ART
police,106,NOUN;PROPN;VERB,ORG;EVENT;WORK_OF_ART;PERSON
network,106,PROPN;NOUN;VERB,ORG;WORK_OF_ART;EVENT
exclusion,106,PROPN;NOUN,WORK_OF_ART
bedouin,106,ADJ;PROPN;NOUN,NORP;GPE;ORG;PERSON;WORK_OF_ART
assumption,105,NOUN,
transform,105,VERB,WORK_OF_ART
loss,105,NOUN;PROPN,WORK_OF_ART;PERSON;ORG
anti,105,ADJ;PROPN,WORK_OF_ART;PERSON;NORP;LAW
existence,105,NOUN;PROPN,WORK_OF_ART
mention,105,VERB;NOUN,
1986,105,NUM,DATE;WORK_OF_ART;EVENT
edition,105,NOUN;PROPN,WORK_OF_ART;ORG
risk,105,NOUN;VERB;PROPN,WORK_OF_ART
thought,105,NOUN;VERB;PROPN,WORK_OF_ART
instead,105,ADV,
environmental,105,ADJ,WORK_OF_ART;ORG;LAW
facilitate,104,VERB;NOUN,
near,104,ADJ;ADV;VERB;PROPN,LOC;NORP;ORG;WORK_OF_ART;DATE
1975,104,NUM,DATE;WORK_OF_ART
fight,104,VERB;NOUN;PROPN,WORK_OF_ART
height,104,PROPN;VERB;NOUN,GPE;LOC;WORK_OF_ART;ORG
legislation,104,NOUN;PROPN,LAW;ORG;WORK_OF_ART
scale,103,NOUN;PROPN;VERB,WORK_OF_ART
front,103,NOUN;PROPN;ADJ;VERB,ORG;WORK_OF_ART;LOC;FAC
acknowledge,103,VERB,WORK_OF_ART
illustrate,102,VERB,
strike,102,VERB;NOUN;PROPN,EVENT;WORK_OF_ART
choose,102,VERB,
feeling,102,NOUN;PROPN,WORK_OF_ART
comparison,102,NOUN;PROPN,WORK_OF_ART
about,102,ADV;ADJ,CARDINAL;PERCENT;MONEY;QUANTITY;DATE;TIME
determination,102,NOUN;PROPN,LAW;WORK_OF_ART
distinct,102,ADJ,
date,102,NOUN;PROPN;VERB,WORK_OF_ART;EVENT
intend,102,VERB,
transition,101,PROPN;NOUN;VERB,WORK_OF_ART;ORG;EVENT
collection,101,NOUN;PROPN,ORG;WORK_OF_ART
directly,101,ADV,
generate,101,VERB;ADJ,
expression,101,NOUN;PROPN,WORK_OF_ART
judicial,101,ADJ;PROPN;NOUN,ORG;WORK_OF_ART;LAW
publishing,101,PROPN;NOUN,WORK_OF_ART;ORG
assessment,101,NOUN;PROPN,WORK_OF_ART
phase,101,NOUN;PROPN,WORK_OF_ART
ethnology,101,PROPN;NOUN,ORG
mizrahi,101,PROPN;ADJ,NORP;ORG;WORK_OF_ART
entry,101,NOUN;PROPN,EVENT;WORK_OF_ART
examination,100,NOUN;PROPN,WORK_OF_ART
television,100,NOUN;PROPN;X,WORK_OF_ART;EVENT;ORG
1970,100,NUM,DATE;WORK_OF_ART;EVENT;ORG;PERSON;CARDINAL
church,100,PROPN;NOUN,ORG;FAC;WORK_OF_ART;PERSON;NORP
powerful,100,ADJ,WORK_OF_ART
percent,100,NOUN,PERCENT
